"headword"	"pos"	"count"	"%"	"words"
"et"	"CONJ"	874	6.3	"et"
"is, ea, id"	"PRON"	665	4.8	"eum; ei; eius; eis; eo; eos; eam; eorum; ea; eas; id; is"
"sum, esse, fui, futurus"	"V"	634	4.5	"est; erat; sum; sunt; es; esset; erant; estis; fuerit; sit; fuerat; sint; sumus; essent; erit; esse; essetis; eram; essem; esses; fuerant; fuisses; fuit; sim; sis; eritis; ero; erunt; fores; fuerint; fuero; fuissem; fuisset"
"dico, dicere, dixi, dictus"	"V"	473	3.4	"dicit; dixit; dixerunt; dico; dicebant; dixi; dixisset; dicebat; dicitur; dicens; dicentes; dicis; dicunt; dicitis; dic; dicam; diceret; dixerim; dixerit; dixero; dixisti; dicere; dicimus; dicito; dixerat; dixissem"
"ego, mei"	"PRON"	430	3.1	"me; ego; mihi; mei"
"qui, quae, quod"	"PRON"	413	3.0	"qui; quae; quem; quod; quo; quam; qua; cuius; quos; cui; quorum"
"in"	"PREP"	383	2.7	"in"
"non"	"ADV"	304	2.2	"non"
"vos, vostri, vostrum"	"PRON"	248	1.8	"vobis; vos; vestrum; vestri"
"Jesus, Jesu"	"N"	242	1.7	"iesus; iesum; iesu"
"hic, haec, hoc"	"PRON"	227	1.6	"haec; hoc; hic; his; hunc; hi; hos; huius; hac; huic; hanc; horum; huiusmodi"
"quia"	"CONJ"	219	1.6	"quia"
"autem"	"CONJ"	198	1.4	"autem"
"ergo"	"ADV"	189	1.4	"ergo"
"venio, venire, veni, ventus"	"V"	168	1.2	"venit; veni; venerunt; venerit; venire; venerat; venio; venerant; veniebant; veniam; venientem; veniet; venisset; venisti; venite; veniat; venissent; ventura; venturus; veniebat; veniemus; veniens; venient; venimus; venissem; veniunt; vento; venturi"
"ut"	"CONJ"	161	1.2	"ut"
"facio, facere, feci, factus"	"V"	141	1.0	"fecit; facit; facere; facta; facio; facis; factum; feci; faciam; factus; fecerunt; faciebat; facient; faciet; facitis; faciat; faciemus; facite; factae; fecerat; fecisset; fac; facerent; faceretis; faciatis; faciens; facientem; facies; facimus; factam; facto; facturus; fecerant; fecerim; feceritis; fecisse; fecissem; fecisti"
"pater, patris"	"N"	136	1.0	"pater; patrem; patre; patris; patres; patribus"
"cum"	"ADV"	134	1.0	"cum"
"tu, tui"	"PRON"	134	1.0	"tu; te; tibi; tui"
"ad"	"PREP"	130	0.9	"ad"
"ille, illa, illud"	"PRON"	130	0.9	"ille; illo; illi; illum; illa; illius; illud; illam; illis; illae; illas; illos"
"de"	"PREP"	118	0.8	"de"
"meus, mea, meum"	"ADJ"	118	0.8	"meum; mea; meus; meam; meo; meos; meas; meae; meis"
"video, videre, vidi, visus"	"V"	118	0.8	"videt; vidit; vidi; vidisset; videtis; videbitis; vide; videant; vident; viderunt; vidissent; vidistis; videns; video; vidimus; vidisti; videbant; videbis; videbit; videre; videritis; videte; videamus; videat; videbo; videbunt; videmus; videntes; viderant; viderat; viderent; videret; videris; viderit; videro; videtur; viso"
"sed"	"CONJ"	104	0.7	"sed"
"credo, credere, credidi, creditus"	"V"	98	0.7	"credit; crediderunt; creditis; credatis; credidit; credite; credere; credis; credebant; credetis; credunt; credam; credentes; crederetis; credimus; credamus; credant; credat; crede; credebat; credent; crederent; crediderant; credideris; credideritis; credidi; credidimus; credidisti; credidistis; credituri; credo"
"ipse, ipsa, ipsum"	"PRON"	90	0.6	"ipse; ipso; ipsum; ipsis; ipsi; ipsa; ipsos"
"quis, quae, quid"	"PRON"	90	0.6	"quid; quis"
"ex"	"PREP"	88	0.6	"ex"
"si"	"CONJ"	88	0.6	"si"
"habeo, habere, habui, habitus"	"V"	86	0.6	"habet; habeo; habetis; habes; habens; habeant; habeat; habeatis; habemus; habent; habere; haberent; habuit; habebam; habebat; habebit; habentem; habentis; haberes; haberetis; habuerit; habueritis; habuerunt; habuisti"
"Deus, Dei"	"N"	83	0.6	"dei; deo; deus; deum; deos"
"mundus, mundi"	"N"	82	0.6	"mundo; mundum; mundus; mundi"
"respondeo, respondere, respondi, responsus"	"V"	80	0.6	"respondit; responderunt; respondet; responsum; respondes"
"discipulus, discipuli"	"N"	78	0.6	"discipuli; discipulis; discipulus; discipulorum; discipulum; discipulo; discipulos"
"mitto, mittere, misi, missus"	"V"	77	0.6	"misit; misisti; miserunt; missus; mittam; misi; mittat; mitte; misisset; misistis; missi; mittebantur; mittet; mittit; mittite; mitto; mittunt"
"do, dare, dedi, datus"	"V"	76	0.5	"dedit; dedisti; dat; da; dabit; datum; dedi; do; dabo; daret; det; dabant; dare; data; dederant; dederat; dedisset; demus"
"Judaeus, Judaei"	"N"	70	0.5	"iudaei; iudaeorum; iudaeis; iudaeos; iudaeus; iudaeo"
"a"	"PREP"	68	0.5	"a"
"omnis, omnis, omne"	"ADJ"	66	0.5	"omnes; omnia; omnis; omne; omnem; omnibus"
"scio, scire, scivi, scitus"	"V"	66	0.5	"scio; scimus; scitis; sciebat; sciens; scis; sciebant; scit; sciretis; sciunt; sciatis; sciebam; scientes; scies; scire; scires; scitote; scivit"
"enim"	"CONJ"	61	0.4	"enim"
"loquor, loqui, locutus sum"	"V"	60	0.4	"locutus; loquor; loquitur; loquar; loquebatur; loqueris; loquetur; loquente; loquentem; loqui; loquimur"
"filius, fili"	"N"	59	0.4	"filius; filium; filii; filio; filios"
"homo, hominis"	"N"	59	0.4	"homo; hominis; hominem; homine; homines; hominibus; hominum"
"audio, audire, audivi, auditus"	"V"	58	0.4	"audierunt; audivit; audit; audisset; audient; audire; audistis; auditis; audivi; audientes; audierit; audis; audissent; audiunt; audivimus; audiens; audierant; audierat; audierint; audiet; audio; audisti; auditum; audivistis"
"dominus, domini"	"N"	52	0.4	"domine; dominus; dominum; domino; domini"
"dies, diei"	"N"	51	0.4	"die; diem; dies; diebus; diei; dii"
"amen"	"ADV"	50	0.4	"amen"
"cognosco, cognoscere, cognovi, cognitus"	"V"	45	0.3	"cognoverunt; cognovit; cognoscetis; cognoscitis; cognosco; cognoscat; cognoscatis; cognoscit; cognoverit; cognovi; cognovimus; cognovisset; cognovistis; cognoscant; cognoscent; cognoscet; cognoscis; cognoscunt; cognovisti"
"accipio, accipere, accepi, acceptus"	"V"	43	0.3	"accipit; acceperunt; accepisset; accepit; accipere; accipite; accipitis; accipietis; accipio; accepi; accepimus; accepturi; accipiam; accipiat; accipiet"
"iterum"	"ADV"	43	0.3	"iterum"
"qu"	"PACK"	43	0.3	"quidam; quidquam; quaecumque; quemquam; quodcumque; quisquam; nequaquam; quamquam; quisnam; quoque"
"testimonium, testimoni(i)"	"N"	43	0.3	"testimonium"
"nos, nostri, nostrum"	"PRON"	41	0.3	"nos; nobis; nostri; nostrum"
"diligo, diligere, dilexi, dilectus"	"V"	39	0.3	"diligit; diligebat; dilexisti; diligatis; dilexi; dilexit; dilexerunt; diligeretis; diligis; dilexisset; diligam; diligeret; diliget; diligetur; diligitis; diligo"
"maneo, manere, mansi, mansus"	"V"	38	0.3	"manet; mansit; maneat; manens; manseritis; manere; maneret; manete; manserit; manserunt; manebitis; manentem; maneo; manes; manserint"
"possum, posse, potui, -"	"V"	38	0.3	"potest; potestis; possum; poterat; possent; possumus; possunt; poterant; potes"
"vita, vitae"	"N"	38	0.3	"vitam; vita; vitae; vitis"
"morior, mori, mortuus sum"	"V"	36	0.3	"mortuus; mortuis; mortui; mori; moriatur; moriemini; mortuum; moritur; moreretur; moriamur; morietur; mortuos"
"unus -a -um, primus -a -um, singuli -ae -a, semel"	"NUM"	36	0.3	"unus; unum; una"
"scribo, scribere, scripsi, scriptus"	"V"	35	0.3	"scriptura; scriptum; scripsit; scripta; scribebat; scripsi; scribantur; scribendi; scribere; scripturae; scripturam; scripturas; scriptus"
"Petrus, Petri"	"N"	34	0.2	"petrus; petro; petri; petrum"
"multus, multa -um, -, plurimus -a -um"	"ADJ"	34	0.2	"multi; multa; multum; multae; multis; multo; multus"
"quaero, quaerere, quaesivi, quaesitus"	"V"	34	0.2	"quaeritis; quaerebant; quaerit; quaeretis; quaeris; quaero; quaerebat; quaerentes; quaerunt"
"tuus, tua, tuum"	"ADJ"	34	0.2	"tuum; tuus; tua; tuam; tuo; tuos; tuae; tuas"
"ubi"	"CONJ"	34	0.2	"ubi"
"alius, alia, aliud"	"ADJ"	33	0.2	"alii; alius; alia; alium; aliae; alias; alios"
"verus, vera -um, verior -or -us, verissimus -a -um"	"ADJ"	33	0.2	"verum; vere; vero; vera; verus; veri"
"jam"	"ADV"	32	0.2	"iam"
"sicut"	"ADV"	32	0.2	"sicut"
"sermo, sermonis"	"N"	31	0.2	"sermo; sermonem; sermones; sermoni; sermone; sermonis"
"opus, operis"	"N"	30	0.2	"opera; opus; opere; operibus"
"perhibeo, perhibere, perhibui, perhibitus"	"V"	30	0.2	"perhibet; perhibuit; perhibeo; perhibent; perhiberet; perhibetis; perhibe; perhibeam; perhibebat; perhibebit; perhibentis; perhibes; perhibui; perhibuisti"
"aeternus, aeterna -um, aeternior -or -us, aeternissimus -a -um"	"ADJ"	29	0.2	"aeternam; aeternum; aeterna; aeternae"
"sui, sibi, se"	"PRON"	29	0.2	"se; sui; sibi"
"nemo, neminis"	"N"	28	0.2	"nemo; nemini"
"nunc"	"ADV"	28	0.2	"nunc"
"hora, horae"	"N"	26	0.2	"hora; horam; horae"
"pono, ponere, posui, positus"	"V"	26	0.2	"ponit; pono; positum; posuerunt; posita; posuit; ponam; ponat; ponendi; pones; positae; positas; positus; posui; posuisti; posuistis"
"Simon, Simonis"	"N"	25	0.2	"simon; simonis; simonem; simoni"
"abeo, abire, abivi(ii), abitus"	"V"	25	0.2	"abiit; abierunt; abiero; abire; abibant; abierant; abii; abiissent"
"pecco, peccare, peccavi, peccatus"	"V"	25	0.2	"peccatum; peccato; peccatis; peccator; peccare; peccavit; peccata; peccati"
"propter"	"PREP"	25	0.2	"propter"
"veritas, veritatis"	"N"	25	0.2	"veritatem; veritas; veritate; veritatis; veritati"
"exeo, exire, exivi(ii), exitus"	"V"	24	0.2	"exivit; exiit; exivi; exierunt; exibant; exire; exisset; existi"
"nisi"	"CONJ"	24	0.2	"nisi"
"nomen, nominis"	"N"	24	0.2	"nomine; nomen"
"panis, panis"	"N"	24	0.2	"panem; panis; panes; panibus; pane"
"spiritus, spiritus"	"N"	24	0.2	"spiritu; spiritus; spiritum"
"voco, vocare, vocavi, vocatus"	"V"	24	0.2	"vocem; vocat; vocavit; vocaverunt; voca; vocaberis; vocaret; vocatis; vocatus"
"Joannes, Joannis"	"N"	23	0.2	"ioannes; ioannis; ioanne; ioannem"
"numquid"	"ADV"	23	0.2	"numquid"
"suus, sui"	"N"	23	0.2	"suis; suum; suo; suorum; suos"
"vadum, vadi"	"N"	23	0.2	"vado; vadis"
"mulier, mulieris"	"N"	22	0.2	"mulier; muliere; mulierem; mulieri; mulieris"
"nescio, nescire, nescivi, nescitus"	"V"	22	0.2	"nescimus; nescitis; nescio; nesciebam; nescis; nescit; nesciebat; nesciunt"
"aqua, aquae"	"N"	21	0.2	"aqua; aquam; aquae"
"manduco, manducare, manducavi, manducatus"	"V"	21	0.2	"manducat; manducaverunt; manducare; manducaverit; manduca; manducandum; manducarent; manducastis; manducaverant; manducaveritis; manducent"
"neque"	"CONJ"	21	0.2	"neque"
"quomodo"	"ADV"	21	0.2	"quomodo"
"sto, stare, steti, status"	"V"	21	0.2	"stabat; stans; stetit; stabant; stantem; stat; stantes"
"tollo, tollere, sustuli, sublatus"	"V"	21	0.2	"tolle; tollit; sublatum; sustulerunt; sustulisti; sustulit; tollam; tollas; tollent; tollere; tollerentur; tolleret; tollis; tollite"
"verbum, verbi"	"N"	21	0.2	"verba; verbum; verbis"
"Pilatus, Pilati"	"N"	20	0.1	"pilatus; pilatum; pilato"
"duo -ae o, secundus -a -um, bini -ae -a, bis"	"NUM"	20	0.1	"secundum; duos; duo; duobus; binas; duorum; secundo"
"interrogo, interrogare, interrogavi, interrogatus"	"V"	20	0.1	"interrogaverunt; interrogare; interrogate; interrogavit; interroga; interrogabant; interrogabat; interrogantes; interrogarent; interrogaret; interrogas; interrogat; interroget"
"magnus, magna -um, major -or -us, maximus -a -um"	"ADJ"	20	0.1	"maior; magna; maiora; maius; magno; magnis; magnus; maiorem"
"pharisaei, pharisaeorum"	"N"	20	0.1	"pharisaei; pharisaeis; pharisaeos"
"pontifex, pontificis"	"N"	20	0.1	"pontifices; pontifex; pontifici; pontificis; pontificem; pontificibus"
"Christus, Christi"	"N"	19	0.1	"christus; christum"
"ascendo, ascendere, ascendi, ascensus"	"V"	19	0.1	"ascendit; ascenderunt; ascendo; ascendentem; ascendentes; ascenderant; ascendi; ascendissent; ascendite"
"ecce"	"INTERJ"	19	0.1	"ecce"
"invenio, invenire, inveni, inventus"	"V"	19	0.1	"invenit; invenietis; invenio; invenimus; inveniemus; inveniet; invenissent; invenisset"
"mare, maris"	"N"	19	0.1	"maria; mare"
"ovis, ovis"	"N"	19	0.1	"oves; ovibus; ovium"
"pro"	"PREP"	19	0.1	"pro"
"signum, signi"	"N"	19	0.1	"signa; signum; signorum"
"ab"	"PREP"	18	0.1	"ab"
"caelus, caeli"	"N"	18	0.1	"caelo; caelum"
"descendo, descendere, descendi, descensus"	"V"	18	0.1	"descendit; descendi; descendentem; descenderunt; descende; descendens; descendente; descendentes; descenderet"
"impleo, implere, implevi, impletus"	"V"	18	0.1	"impleatur; impleretur; impletum; impleverunt; impleta; implete; impleti; implevit"
"judico, judicare, judicavi, judicatus"	"V"	18	0.1	"iudico; iudicat; iudicare; iudicate; iudicatus; iudicet; iudicabit; iudicatis; iudicatur"
"lux, lucis"	"N"	18	0.1	"lucem; lux"
"oculus, oculi"	"N"	18	0.1	"oculos; oculis; oculi"
"super"	"ADV"	18	0.1	"super"
"Galilaea, Galilaeae"	"N"	17	0.1	"galilaeam; galilaeae; galilaea"
"ambulo, ambulare, ambulavi, ambulatus"	"V"	17	0.1	"ambulabat; ambula; ambulantem; ambulaverit; ambulabant; ambulabas; ambulabit; ambulare; ambulat; ambulate"
"nascor, nasci, natus sum"	"V"	17	0.1	"natus; nasci; nati; natum; nasceretur"
"post"	"ADV"	17	0.1	"post"
"turba, turbae"	"N"	17	0.1	"turba; turbam"
"caecus, caeca -um, caecior -or -us, caecissimus -a -um"	"ADJ"	16	0.1	"caecus; caeci; caecorum; caeco; caecum"
"fero, ferre, tuli, latus"	"V"	16	0.1	"tulerunt; latus; fert; ferens; ferentem; ferre; ferte; tulit"
"festus, festa, festum"	"ADJ"	16	0.1	"festum; festo; festus"
"fio, feri, factus sum"	"V"	16	0.1	"fieri; fiat; fieret; fiet; fiant; fiatis; fient; fietis"
"gloria, gloriae"	"N"	16	0.1	"gloriam; gloria"
"locus, loci"	"N"	16	0.1	"locum; loco; locus"
"monumentum, monumenti"	"N"	16	0.1	"monumentum; monumento; monumentis"
"rex, regis"	"N"	16	0.1	"rex; regem"
"sequor, sequi, secutus sum"	"V"	16	0.1	"sequere; sequebatur; sequi; sequuntur; sequatur; sequens; sequentem; sequentes; sequentur; sequeris; sequitur"
"servo, servare, servavi, servatus"	"V"	16	0.1	"servat; servaverit; servaverunt; serva; servabam; servabit; servabitis; servabunt; servasti; servaveritis; servavi; serves; servet"
"manus, manus"	"N"	15	0.1	"manus; manu; manibus; manum"
"per"	"PREP"	15	0.1	"per"
"propterea"	"ADV"	15	0.1	"propterea"
"terra, terrae"	"N"	15	0.1	"terram; terra"
"trado, tradere, tradidi, traditus"	"V"	15	0.1	"tradidit; traditurus; tradebat; traderet; traderer; tradet; tradiderunt; tradidissemus; tradit"
"frater, fratris"	"N"	14	0.1	"frater; fratres; fratre; fratrem"
"ibi"	"ADV"	14	0.1	"ibi"
"lavo, lavare, lavi, lotus"	"V"	14	0.1	"lavi; lava; lavare; lavit; lavabis; lavas; lavero; lavet; lotus"
"pes, pedis"	"N"	14	0.1	"pedes"
"propheta, prophetae"	"N"	14	0.1	"propheta; prophetae; prophetis"
"semetipse, semetipsa, semetipsum"	"PRON"	14	0.1	"semetipso; semetipsum; semetipsos; semetipsis"
"templum, templi"	"N"	14	0.1	"templo; templum"
"vester, vestra, vestrum"	"ADJ"	14	0.1	"vester; vestra; vestris; vestros; vestram; vestro"
"volo, velle, volui, -"	"V"	14	0.1	"volebant; volo; volebas; volebat; voluerit; volueritis; voluistis; voluit; volumus"
"Hierosolyma, Hierosolymae"	"N"	13	0.1	"hierosolymis; hierosolymam"
"Moyses, Moysis"	"N"	13	0.1	"moyses; moysi; moysis; moyse; moysen"
"apud"	"PREP"	13	0.1	"apud"
"baptizo, baptizare, baptizavi, baptizatus"	"V"	13	0.1	"baptizans; baptizat; baptizabantur; baptizabat; baptizare; baptizaret; baptizas; baptizo"
"clarifico, clarificare, clarificavi, clarificatus"	"V"	13	0.1	"clarificatus; clarificabit; clarifica; clarificaturus; clarificavi; clarificet"
"introeo, introire, introivi(ii), introitus"	"V"	13	0.1	"introivit; introire; introierit; introierunt; introisset; introistis"
"invicem"	"ADV"	13	0.1	"invicem"
"nolo, nolle, nolui, -"	"V"	13	0.1	"nolite; noli"
"nondum"	"ADV"	13	0.1	"nondum"
"sabbatum, sabbati"	"N"	13	0.1	"sabbato; sabbatum; sabbatorum; sabbati"
"unde"	"ADV"	13	0.1	"unde"
"vado, vadere, vasi, -"	"V"	13	0.1	"vade; vadit; vadat; vadam"
"Philippus, Philippi"	"N"	12	0.1	"philippus; philippum; philippe"
"aperio, aperire, aperui, apertus"	"V"	12	0.1	"aperuit; aperire; aperit; aperti; apertum"
"interficio, interficere, interfeci, interfectus"	"V"	12	0.1	"interficere; interficerent; interficiet; interficit"
"minister, ministri"	"N"	12	0.1	"ministri; ministros; minister; ministris; ministrorum"
"modicus, modica, modicum"	"ADJ"	12	0.1	"modicum"
"nonne"	"ADV"	12	0.1	"nonne"
"nosco, noscere, novi, notus"	"V"	12	0.1	"notum; notus; noverunt; nosset; nosti; nota; novi; novimus; novit"
"primus, prima, primum"	"ADJ"	12	0.1	"primum; primus; prima; primi"
"servus, servi"	"N"	12	0.1	"servus; servi; servo; servis; servos; servum"
"sic"	"ADV"	12	0.1	"sic"
"Abraham, Abrahae"	"N"	11	0.1	"abraham; abrahae"
"Lazarus, Lazari"	"N"	11	0.1	"lazarus; lazarum; lazare"
"adoro, adorare, adoravi, adoratus"	"V"	11	0.1	"adorare; adorabitis; adorabunt; adoramus; adorant; adorarent; adoratis; adoraverunt; adoravit; adorent"
"amo, amare, amavi, amatus"	"V"	11	0.1	"amas; amo; amabat; amat; amastis"
"bibo, bibere, bibi, bibitus"	"V"	11	0.1	"bibit; bibere; bibam; bibat; biberit; biberitis"
"clamo, clamare, clamavi, clamatus"	"V"	11	0.1	"clamavit; clamaverunt; clamabant; clamantis; clamat"
"foras"	"ADV"	11	0.1	"foras"
"mater, matris"	"N"	11	0.1	"mater; matrem; matris; matri"
"quasi"	"ADV"	11	0.1	"quasi"
"vivo, vivere, vixi, victus"	"V"	11	0.1	"vivet; vivit; vivens; vivent; vivetis"
"voluntas, voluntatis"	"N"	11	0.1	"voluntatem; voluntas; voluntate"
"Pascha, Paschae"	"N"	10	0.1	"pascha; paschae"
"anima, animae"	"N"	10	0.1	"animam; anima"
"ante"	"PREP"	10	0.1	"ante"
"doceo, docere, docui, doctus"	"V"	10	0.1	"docens; docebat; docebit; doces; docturus; docui; docuit"
"eo, ire, ivi(ii), itus"	"V"	10	0.1	"eamus; iturus; eatis; ibant; ibat; ibimus"
"fructus, fructus"	"N"	10	0.1	"fructum; fructus"
"glorifico, glorificare, glorificavi, glorificatus"	"V"	10	0.1	"glorificetur; glorificatus; glorifica; glorificabo; glorificat; glorificavi; glorifico"
"judex, judicis"	"N"	10	0.1	"iudicium; iudicem"
"mando, mandare, mandavi, mandatus"	"V"	10	0.1	"mandatum; mandata; mandavit; mando"
"manifesto, manifestare, manifestavi, manifestatus"	"V"	10	0.1	"manifestavit; manifestentur; manifestabo; manifestaturus; manifestatus; manifestavi; manifestetur"
"oportet, oportere, oportuit, -"	"V"	10	0.1	"oportet; oportebat"
"sedeo, sedere, sedi, sessus"	"V"	10	0.1	"sedebat; sedens; sedentes; sedit"
"suus, sua, suum"	"ADJ"	10	0.1	"suam; suae"
"tunc"	"ADV"	10	0.1	"tunc"
"Judes, Judae"	"N"	9	0.1	"iudas; iudae; iudam"
"Martha, Marthae"	"N"	9	0.1	"martha; martham; marthae"
"adduco, adducere, adduxi, adductus"	"V"	9	0.1	"adducunt; adduxit; adducere; adduco; adduxerunt; adduxistis"
"adhuc"	"ADV"	9	0.1	"adhuc"
"crucifigo, crucifigere, crucifixi, crucifixus"	"V"	9	0.1	"crucifige; crucifigam; crucifigere; crucifigeretur; crucifigite; crucifixerunt; crucifixissent"
"gaudium, gaudi(i)"	"N"	9	0.1	"gaudium; gaudio"
"lex, legis"	"N"	9	0.1	"legem; lex"
"modus, modi"	"N"	9	0.1	"modo"
"noster, nostra, nostrum"	"ADJ"	9	0.1	"noster; nostro; nostra; nostram"
"novus, nova -um, novior -or -us, novissimus -a -um"	"ADJ"	9	0.1	"novissimo; novum"
"odi, odisse, osus"	"V"	9	0.1	"odit; oderunt; odisse"
"peto, petere, petivi, petitus"	"V"	9	0.1	"petieritis; petite; petetis; petisses; petistis"
"quando"	"ADV"	9	0.1	"quando"
"rogo, rogare, rogavi, rogatus"	"V"	9	0.1	"rogabant; rogabo; rogaverunt; rogabat; rogabitis; rogavit"
"tenebra, tenebrae"	"N"	9	0.1	"tenebrae; tenebris; tenebras"
"tres -es -ia, tertius -a -um, terni -ae -a, ter"	"NUM"	9	0.1	"tertio; tribus; ter; ternas"
"affero, afferre, attuli, allatus"	"V"	8	0.1	"afferatis; affer; afferat; affert; afferte; affertis; attulit"
"aio, -, -"	"V"	8	0.1	"ait"
"caro, carnis"	"N"	8	0.1	"carnem; carnis; carne"
"civitas, civitatis"	"N"	8	0.1	"civitatem; civitate"
"gaudeo, gaudere, gavisus sum"	"V"	8	0.1	"gaudebit; gaudeat; gaudeo; gauderetis; gaudet; gavisi; gavisus"
"magister, magistri"	"N"	8	0.1	"magister"
"mors, mortis"	"N"	8	0.1	"morte; mortem"
"nihil, undeclined"	"N"	8	0.1	"nihil"
"palam"	"ADV"	8	0.1	"palam"
"piscis, piscis"	"N"	8	0.1	"piscibus; piscem; piscium; pisces"
"potestas, potestatis"	"N"	8	0.1	"potestatem"
"princeps, principis"	"N"	8	0.1	"princeps; principes; principibus"
"quidem"	"ADV"	8	0.1	"quidem"
"rabbi, undeclined"	"N"	8	0.1	"rabbi"
"relinquo, relinquere, reliqui, relictus"	"V"	8	0.1	"reliquit; relinquo; relinquam; relinquatis"
"tantus, tanta, tantum"	"ADJ"	8	0.1	"tantum; tanta; tanti; tanto; tantos"
"trans"	"PREP"	8	0.1	"trans"
"Judaeus, Judaea, Judaeum"	"ADJ"	7	0.1	"iudaeam; iudaea"
"Thomas, Thomae"	"N"	7	0.1	"thomas; thomae"
"alter, altera, alterum"	"ADJ"	7	0.1	"altera; alter; alterius"
"aut"	"CONJ"	7	0.1	"aut"
"cor, cordis"	"N"	7	0.1	"cor; corde"
"daemon, daemonis"	"N"	7	0.1	"daemonium"
"dilectio, dilectionis"	"N"	7	0.1	"dilectione; dilectionem; dilectio"
"dimitto, dimittere, dimisi, dimissus"	"V"	7	0.1	"dimittam; dimittere; dimittimus; dimittis; dimittit"
"gratia, gratiae"	"N"	7	0.1	"gratias; gratia; gratiae; gratiam"
"itaque"	"ADV"	7	0.1	"itaque"
"juxta"	"PREP"	7	0.1	"iuxta"
"lapis, lapidis"	"N"	7	0.1	"lapidem; lapides; lapis"
"lego, legere, legi, lectus"	"V"	7	0.1	"lege; legerunt"
"navis, navis"	"N"	7	0.1	"navem; naves; navi; navis"
"operor, operari, operatus sum"	"V"	7	0.1	"operari; operamini; operaris; operatur; operemur; operor"
"ploro, plorare, ploravi, ploratus"	"V"	7	0.1	"ploras; plorabitis; plorans; plorantem; plorantes; ploret"
"proprius, propria, proprium"	"ADJ"	7	0.1	"propria; proprias; propriae; propriam; propriis"
"sanus, sana, sanum"	"ADJ"	7	0.1	"sanus; sanum"
"semper"	"ADV"	7	0.1	"semper"
"tempus, temporis"	"N"	7	0.1	"tempus; tempore"
"vultis"	"X"	7	0.1	"vultis"
"Nathanael"	"N"	6	0.0	"nathanael"
"Samaritanus, Samaritana, Samaritanum"	"ADJ"	6	0.0	"samaritana; samaritani; samaritanis; samaritanorum; samaritanus"
"amicus, amica -um, amicior -or -us, amicissimus -a -um"	"ADJ"	6	0.0	"amicus; amici; amicis; amicos"
"annuntio, annuntiare, annuntiavi, annuntiatus"	"V"	6	0.0	"annuntiabit; annuntiabo; annuntians"
"annus, anni"	"N"	6	0.0	"anni; annos; annis"
"apprehendo, apprehendere, apprehendi, apprehensus"	"V"	6	0.0	"apprehendere; apprehendit; apprehendant; apprehenderent"
"bonum, boni"	"N"	6	0.0	"bona; bonum; boni; bono"
"cibus, cibi"	"N"	6	0.0	"cibum; cibus; cibos"
"corpus, corporis"	"N"	6	0.0	"corpus; corpora; corporis"
"domus, domus"	"N"	6	0.0	"domum; domus"
"duodecim, duodecimus -a -um, duodeni -ae -a, duodecie(n)s"	"NUM"	6	0.0	"duodecim"
"hinc"	"ADV"	6	0.0	"hinc"
"illic"	"ADV"	6	0.0	"illic"
"medius, media, medium"	"ADJ"	6	0.0	"medio; medium; medius"
"miles, militis"	"N"	6	0.0	"milites; militi; militum"
"miror, mirari, miratus sum"	"V"	6	0.0	"mirabantur; miramini; mirari; miremini; mireris"
"nox, noctis"	"N"	6	0.0	"nocte; nox"
"pareo, parere, parui, paritus"	"V"	6	0.0	"parentes"
"pastor, pastoris"	"N"	6	0.0	"pastor"
"pax, pacis"	"N"	6	0.0	"pacem; pax"
"pereo, perire, perivi(ii), peritus"	"V"	6	0.0	"pereat; peribunt; periit; perit"
"prior, prior, prius"	"ADJ"	6	0.0	"prius; prior; priorem"
"quinque, quintus -a -um, quini -ae -a, quinquie(n)s"	"NUM"	6	0.0	"quinque"
"sanguis, sanguinis"	"N"	6	0.0	"sanguinem; sanguis; sanguinibus"
"sitio, sitire, sitivi, -"	"V"	6	0.0	"sitiet; sitiam; sitio; sitit"
"sol, solis"	"N"	6	0.0	"solum; soli"
"solvo, solvere, solvi, solutus"	"V"	6	0.0	"solvite; solvam; solvatur; solvebat; solvi"
"soror, sororis"	"N"	6	0.0	"soror; sororem; sorores; sororis"
"surgo, surgere, surrexi, surrectus"	"V"	6	0.0	"surgit; surrexit; surge; surgite"
"suum, sui"	"N"	6	0.0	"sua"
"totus, tota, totum (gen -ius)"	"ADJ"	6	0.0	"tota; totum; totus"
"turbo, turbare, turbavi, turbatus"	"V"	6	0.0	"turbata; turbetur; turbatus; turbavit"
"vinum, vini"	"N"	6	0.0	"vinum; vino"
"vir, viri"	"N"	6	0.0	"virum; vir; viros"
"vivus, viva, vivum"	"ADJ"	6	0.0	"vivam; vivo; vivae; vivus"
"Andreas, Andreae"	"N"	5	0.0	"andreas; andreae"
"C., abb."	"N"	5	0.0	"c"
"Caiphas, Caiphae"	"N"	5	0.0	"caiphas; caipha; caiphae; caipham"
"Capharnaum, Capharnai"	"N"	5	0.0	"capharnaum"
"Hebraicus, Hebraica, Hebraicum"	"ADJ"	5	0.0	"hebraice"
"Iscariotes, Iscariotae"	"N"	5	0.0	"iscariotis; iscariotes"
"Maria, Mariae"	"N"	5	0.0	"mariam; mariae"
"Nicodemus"	"N"	5	0.0	"nicodemus"
"ago, agere, egi, actus"	"V"	5	0.0	"agente; agit; ago; egerunt; egisset"
"aliquis, aliqua, aliquid"	"PRON"	5	0.0	"aliquid; aliquis"
"bene, melius, optime"	"ADV"	5	0.0	"bene; melius"
"carus, cara -um, carior -or -us, carissimus -a -um"	"ADJ"	5	0.0	"caro"
"consummo, consummare, consummavi, consummatus"	"V"	5	0.0	"consummaretur; consummata; consummati; consummatum; consummavi"
"converto, convertere, converti, conversus"	"V"	5	0.0	"conversa; conversus; convertantur"
"desero, deserere, deserui, desertus"	"V"	5	0.0	"deserto; desertum"
"discumbo, discumbere, discubui, discubitus"	"V"	5	0.0	"discumbentibus; discubuerunt; discumbentium; discumbere"
"donec"	"CONJ"	5	0.0	"donec"
"eligo, eligere, elegi, electus"	"V"	5	0.0	"elegi; elegerim; elegistis"
"exalto, exaltare, exaltavi, exaltatus"	"V"	5	0.0	"exaltari; exaltatus; exaltaveritis; exaltavit"
"gens, gentis"	"N"	5	0.0	"gens; gente; gentem"
"haurio, haurire, hausi, haustus"	"V"	5	0.0	"haurire; haurias; haurierant; haurite"
"honorifico, honorificare, honorificavi, honorificatus"	"V"	5	0.0	"honorificat; honorificabit; honorificant; honorificent"
"inclino, inclinare, inclinavi, inclinatus"	"V"	5	0.0	"inclinans; inclinasset; inclinato; inclinavit"
"infirmo, infirmare, infirmavi, infirmatus"	"V"	5	0.0	"infirmabatur; infirmabantur; infirmatur"
"initium, initi(i)"	"N"	5	0.0	"initio; initium"
"iste, ista, istud"	"PRON"	5	0.0	"iste; ista; istius; istum"
"lapido, lapidare, lapidavi, lapidatus"	"V"	5	0.0	"lapidare; lapidamus; lapidarent; lapidatis"
"ligo, ligare, ligavi, ligatus"	"V"	5	0.0	"ligaverunt; ligata; ligatum; ligatus"
"luo, luere, lui, lutus"	"V"	5	0.0	"lutum"
"malus, mala -um, pejor -or -us, -"	"ADJ"	5	0.0	"mala; male"
"mons, montis"	"N"	5	0.0	"montem; monte"
"nec"	"CONJ"	5	0.0	"nec"
"ostendo, ostendere, ostendi, ostensus"	"V"	5	0.0	"ostende; ostendi; ostendis; ostendit"
"ostium, osti(i)"	"N"	5	0.0	"ostium"
"plenus, plena -um, plenior -or -us, plenissimus -a -um"	"ADJ"	5	0.0	"plenum; plenam"
"priusquam"	"CONJ"	5	0.0	"priusquam"
"procedo, procedere, processi, processus"	"V"	5	0.0	"procedent; procedit; processerunt; processi; processit"
"puer, pueri"	"N"	5	0.0	"puer; pueri; puerum"
"puto, putare, putavi, putatus"	"V"	5	0.0	"putabant; putantes; putare; putatis; putaverunt"
"quare"	"ADV"	5	0.0	"quare"
"regnum, regni"	"N"	5	0.0	"regnum"
"resurgo, resurgere, resurrexi, resurrectus"	"V"	5	0.0	"resurget; resurrexisset; resurgere"
"sancio, sancire, sanxi, sanctus"	"V"	5	0.0	"sanctus; sancte; sancto; sanctum"
"sanctifico, sanctificare, sanctificavi, sanctificatus"	"V"	5	0.0	"sanctifica; sanctificarent; sanctificati; sanctificavit; sanctifico"
"sex, sextus -a -um, seni -ae -a, sexie(n)s"	"NUM"	5	0.0	"sex; sexta"
"sinus, sini"	"N"	5	0.0	"sine; sinum"
"solus, sola, solum (gen -ius)"	"ADJ"	5	0.0	"solus; solo"
"spondeo, spondere, spepondi, sponsus"	"V"	5	0.0	"sponsi; sponsam; sponsum; sponsus"
"synagoga, synagogae"	"N"	5	0.0	"synagoga; synagogam; synagogis"
"timeo, timere, timui, -"	"V"	5	0.0	"timere; timebant; timuerunt; timuit"
"traho, trahere, traxi, tractus"	"V"	5	0.0	"traham; trahentes; trahere; traxerit; traxit"
"vestimentum, vestimenti"	"N"	5	0.0	"vestimenta; vestimentum"
"Bethania, Bethaniae"	"N"	4	0.0	"bethania; bethaniam"
"Graecus, Graeci"	"N"	4	0.0	"graece; graeci; graecorum; graecos"
"Ioseph"	"N"	4	0.0	"ioseph"
"Isaias, Isaiae"	"N"	4	0.0	"isaias; isaiae"
"Israel, Israelis"	"N"	4	0.0	"israel"
"bonus, bona -um, melior -or -us, optimus -a -um"	"ADJ"	4	0.0	"bonus"
"buccella, buccellae"	"N"	4	0.0	"buccellam"
"canus, cana, canum"	"ADJ"	4	0.0	"cana"
"capio, capere, cepi, captus"	"V"	4	0.0	"capere; capientes; capit; capite"
"caput, capitis"	"N"	4	0.0	"caput; capiti"
"cena, cenae"	"N"	4	0.0	"cena; cenam"
"colligo, colligere, collegi, collectus"	"V"	4	0.0	"collegerunt; colligite; colligunt"
"confiteor, confiteri, confessus sum"	"V"	4	0.0	"confessus; confitebantur; confiteretur"
"continuus, continua, continuum"	"ADJ"	4	0.0	"continuo"
"crux, crucis"	"N"	4	0.0	"crucem; cruce"
"custodio, custodire, custodivi, custoditus"	"V"	4	0.0	"custodierit; custodiet; custodit; custodivi"
"deinde"	"ADV"	4	0.0	"deinde"
"domus, domi"	"N"	4	0.0	"domo; domi"
"dum"	"CONJ"	4	0.0	"dum"
"fur, furis"	"N"	4	0.0	"fur; fures"
"grabatus, grabati"	"N"	4	0.0	"grabatum"
"hortus, horti"	"N"	4	0.0	"horto; hortus"
"huc"	"ADV"	4	0.0	"huc"
"interpretor, interpretari, interpretatus sum"	"V"	4	0.0	"interpretatum; interpretatur"
"magus, magi"	"N"	4	0.0	"magis"
"manifestus, manifesta -um, manifestior -or -us, manifestissimus -a -um"	"ADJ"	4	0.0	"manifeste; manifesta; manifesto"
"meto, metere, messui, messus"	"V"	4	0.0	"metit; metere"
"multitudo, multitudinis"	"N"	4	0.0	"multitudo; multitudine"
"murmuro, murmurare, murmuravi, murmuratus"	"V"	4	0.0	"murmurabant; murmurantem; murmurare; murmurarent"
"nego, negare, negavi, negatus"	"V"	4	0.0	"negavit; neges"
"nullus, nulla, nullum (gen -ius)"	"ADJ"	4	0.0	"nullam; nullum"
"palmes, palmitis"	"N"	4	0.0	"palmes; palmitem; palmites"
"paraclitus, paracliti"	"N"	4	0.0	"paraclitus; paraclitum"
"perdo, perdere, perdidi, perditus"	"V"	4	0.0	"perdam; perdat; perdidi; perdit"
"plus, (gen.), pluris"	"ADJ"	4	0.0	"plures; plus"
"populus, populi"	"N"	4	0.0	"populo; populum; populus"
"postea"	"ADV"	4	0.0	"postea"
"praecipio, praecipere, praecepi, praeceptus"	"V"	4	0.0	"praecepta; praeceptum; praecipio"
"praetor, praetoris"	"N"	4	0.0	"praetorium"
"proverbium, proverbi(i)"	"N"	4	0.0	"proverbiis; proverbium"
"proximus, proxima, proximum"	"ADJ"	4	0.0	"proximum; proximo"
"quoniam"	"CONJ"	4	0.0	"quoniam"
"rapio, rapere, rapui, raptus"	"V"	4	0.0	"rapere; raperent; rapiet; rapit"
"resurrectio, resurrectionis"	"N"	4	0.0	"resurrectionem; resurrectio; resurrectione"
"resuscito, resuscitare, resuscitavi, resuscitatus"	"V"	4	0.0	"resuscitabo; resuscitem"
"rete, retis"	"N"	4	0.0	"rete"
"rogus, rogi"	"N"	4	0.0	"rogo"
"sino, sinere, sivi, situs"	"V"	4	0.0	"sinite; sitis"
"supra"	"PREP"	4	0.0	"supra"
"suscito, suscitare, suscitavi, suscitatus"	"V"	4	0.0	"suscitavit; suscitat"
"tamen"	"ADV"	4	0.0	"tamen"
"transeo, transire, transivi(ii), transitus"	"V"	4	0.0	"transeat; transi; transiit; transire"
"tristitia, tristitiae"	"N"	4	0.0	"tristitia; tristitiam"
"umquam"	"ADV"	4	0.0	"umquam"
"unigenitus, unigenita, unigenitum"	"ADJ"	4	0.0	"unigeniti; unigenitum; unigenitus"
"usque"	"ADV"	4	0.0	"usque"
"via, viae"	"N"	4	0.0	"viam; via"
"vox, vocis"	"N"	4	0.0	"vox; voce"
"Caesar, Caesaris"	"N"	3	0.0	"caesarem; caesari; caesaris"
"Didymus, Didymi"	"N"	3	0.0	"didymus"
"Iordanes, Iordanis"	"N"	3	0.0	"iordanem"
"Jacob, undeclined"	"N"	3	0.0	"iacob"
"Magdalene, Magdalenes"	"N"	3	0.0	"magdalene"
"Nazarenus, Nazareni"	"N"	3	0.0	"nazarenum; nazarenus"
"Samaria, Samariae"	"N"	3	0.0	"samaria; samariae; samariam"
"Tiberias, Tiberiadis"	"N"	3	0.0	"tiberiadis; tiberiade"
"accuso, accusare, accusavi, accusatus"	"V"	3	0.0	"accusare; accusaturus; accuset"
"acetum, aceti"	"N"	3	0.0	"aceto; acetum"
"agnus, agni"	"N"	3	0.0	"agnus; agnos"
"angelus, angeli"	"N"	3	0.0	"angelos; angelus"
"architriclinus, architriclini"	"N"	3	0.0	"architriclinus; architriclino"
"arguo, arguere, argui, argutus"	"V"	3	0.0	"arguantur; arguet; arguit"
"cado, cadere, cecidi, casus"	"V"	3	0.0	"cadens; ceciderunt; cecidit"
"calefacio, calefacere, calefeci, calefactus"	"V"	3	0.0	"calefaciens; calefaciebant"
"castellum, castelli"	"N"	3	0.0	"castello; castellum"
"causa, causae"	"N"	3	0.0	"causam"
"claritas, claritatis"	"N"	3	0.0	"claritatem; claritate"
"cogito, cogitare, cogitavi, cogitatus"	"V"	3	0.0	"cogitaverunt; cogitatis"
"columba, columbae"	"N"	3	0.0	"columbas; columbam"
"comprehendo, comprehendere, comprehendi, comprehensus"	"V"	3	0.0	"comprehenderunt; comprehendant"
"crucifixus, crucifixi"	"N"	3	0.0	"crucifixus"
"crus, cruris"	"N"	3	0.0	"crura"
"desuper"	"ADV"	3	0.0	"desuper"
"diabolus, diaboli"	"N"	3	0.0	"diabolus; diabolo"
"digitus, digiti"	"N"	3	0.0	"digitum; digito"
"dispergo, dispergere, dispersi, dispersus"	"V"	3	0.0	"dispergamini; dispergit; dispersi"
"doctrina, doctrinae"	"N"	3	0.0	"doctrina"
"egenus, egena, egenum"	"ADJ"	3	0.0	"egenis"
"eicio, eicere, eici, eictus"	"V"	3	0.0	"eicerentur; eiciam; eicietur"
"ejicio, ejicere, ejeci, ejectus"	"V"	3	0.0	"eiecerunt; eiecit"
"emo, emere, emi, emptus"	"V"	3	0.0	"eme; ememus; emerent"
"expedio, expedire, expedivi, expeditus"	"V"	3	0.0	"expedit"
"extergeo, extergere, extersi, extersus"	"V"	3	0.0	"extersit; extergere"
"fons, fontis"	"N"	3	0.0	"fons; fontem"
"forsitan"	"ADV"	3	0.0	"forsitan"
"frango, frangere, fregi, fractus"	"V"	3	0.0	"fregerunt; frangerentur"
"hydria, hydriae"	"N"	3	0.0	"hydriae; hydriam; hydrias"
"igitur"	"CONJ"	3	0.0	"igitur"
"illuc"	"ADV"	3	0.0	"illuc"
"jaceo, jacere, jacui, jacitus"	"V"	3	0.0	"iacebat; iacentem; iacerent"
"judicium, judici(i)"	"N"	3	0.0	"iudicio; iudicii"
"justus, justa -um, justior -or -us, justissimus -a -um"	"ADJ"	3	0.0	"iustum; iuste"
"latro, latronis"	"N"	3	0.0	"latro; latrones"
"linteamen, linteaminis"	"N"	3	0.0	"linteamina; linteaminibus"
"linteum, lintei"	"N"	3	0.0	"linteis; linteo; linteum"
"lumen, luminis"	"N"	3	0.0	"lumine; lumen"
"mane"	"ADV"	3	0.0	"mane"
"mendax, (gen.), mendacis"	"ADJ"	3	0.0	"mendax; mendacium"
"metus, metus"	"N"	3	0.0	"metum"
"ministro, ministrare, ministravi, ministratus"	"V"	3	0.0	"ministrabat; ministrat; ministraverit"
"morior, moriri, moritus sum"	"V"	3	0.0	"moriturus"
"occulto, occultare, occultavi, occultatus"	"V"	3	0.0	"occulto"
"odium, odi(i)"	"N"	3	0.0	"odio"
"parasceve, parasceves"	"N"	3	0.0	"parasceve; parascevem"
"pars, partis"	"N"	3	0.0	"partem; partes"
"pasco, pascere, pavi, pastus"	"V"	3	0.0	"pasce"
"persequor, persequi, persecutus sum"	"V"	3	0.0	"persecuti; persequebantur; persequentur"
"porto, portare, portavi, portatus"	"V"	3	0.0	"portabat; portans; portare"
"principium, principi(i)"	"N"	3	0.0	"principio"
"quattuor, quartus -a -um, quaterni -ae -a, -"	"NUM"	3	0.0	"quattuor"
"recordor, recordari, recordatus sum"	"V"	3	0.0	"recordati"
"regio, regionis"	"N"	3	0.0	"regione; regionem; regiones"
"rursum"	"ADV"	3	0.0	"rursum"
"salvo, salvare, salvavi, salvatus"	"V"	3	0.0	"salvabitur; salvator; salvetur"
"sano, sanare, sanavi, sanatus"	"V"	3	0.0	"sanaret; sanatus; sanem"
"secor, seci, secutus sum"	"V"	3	0.0	"secuti"
"seipse, seipsa, seipsum"	"PRON"	3	0.0	"seipsos; seipsum"
"semen, seminis"	"N"	3	0.0	"semen; semine"
"significo, significare, significavi, significatus"	"V"	3	0.0	"significans"
"similiter"	"ADV"	3	0.0	"similiter"
"simul"	"ADV"	3	0.0	"simul"
"statim"	"ADV"	3	0.0	"statim"
"tunica, tunicae"	"N"	3	0.0	"tunicam; tunica"
"ungo, ungere, unxi, unctus"	"V"	3	0.0	"unxit"
"unguo, unguere, unxi, unctus"	"V"	3	0.0	"unguenti; unguentum"
"unusquisque"	"X"	3	0.0	"unusquisque"
"verax, veracis (gen.), veracior -or -us, veracissimus -a -um"	"ADJ"	3	0.0	"verax"
"vivifico, vivificare, vivificavi, vivificatus"	"V"	3	0.0	"vivificat"
"-, -, deterior -or -us, deterrimus -a -um"	"ADJ"	2	0.0	"deterius"
"Barabbas, Barabbae"	"N"	2	0.0	"barabbam; barabbas"
"Bethsaida, Bethsaidae"	"N"	2	0.0	"bethsaida"
"David, undeclined"	"N"	2	0.0	"david"
"Elias, Eliae"	"N"	2	0.0	"elias"
"Gallus, Galli"	"N"	2	0.0	"gallus"
"Messias, Messiae"	"N"	2	0.0	"messiam; messias"
"Nazareth, undeclined"	"N"	2	0.0	"nazareth"
"Siloa, Siloae"	"N"	2	0.0	"siloae; siloam"
"abs"	"PREP"	2	0.0	"abs; absque"
"abscido, abscidere, abscidi, abscisus"	"V"	2	0.0	"abscidit"
"abscondo, abscondere, abscondi, absconditus"	"V"	2	0.0	"abscondit"
"adsum, adesse, adfui, adfuturus"	"V"	2	0.0	"adest"
"adulterium, adulteri(i)"	"N"	2	0.0	"adulterio"
"advenio, advenire, adveni, adventus"	"V"	2	0.0	"advenerit; adveniebant"
"adversus, adversa -um, adversior -or -us, adversissimus -a -um"	"ADJ"	2	0.0	"adversum; adversus"
"aetas, aetatis"	"N"	2	0.0	"aetatem"
"alapa, alapae"	"N"	2	0.0	"alapam; alapas"
"albus, alba -um, albior -or -us, albissimus -a -um"	"ADJ"	2	0.0	"albae; albis"
"alienus, aliena -um, alienior -or -us, alienissimus -a -um"	"ADJ"	2	0.0	"alienorum; alienum"
"amodo"	"ADV"	2	0.0	"amodo"
"an"	"CONJ"	2	0.0	"an"
"arbitror, arbitrari, arbitratus sum"	"V"	2	0.0	"arbitretur; arbitror"
"ardeo, ardere, arsi, arsus"	"V"	2	0.0	"ardens; ardent"
"at"	"CONJ"	2	0.0	"at"
"auricula, auriculae"	"N"	2	0.0	"auriculam"
"beatus, beata -um, beatior -or -us, beatissimus -a -um"	"ADJ"	2	0.0	"beati"
"bos, bovis"	"N"	2	0.0	"boves"
"canto, cantare, cantavi, cantatus"	"V"	2	0.0	"cantabit; cantavit"
"capillus, capilli"	"N"	2	0.0	"capillis"
"centum, centesimus -a -um, centeni -ae -a, centie(n)s"	"NUM"	2	0.0	"centum"
"cieo, ciere, civi, citus"	"V"	2	0.0	"cito"
"cingo, cingere, cinxi, cinctus"	"V"	2	0.0	"cingebas; cinget"
"circumcisio, circumcisionis"	"N"	2	0.0	"circumcisionem"
"circumdo, circumdare, circumdedi, circumdatus"	"V"	2	0.0	"circumdederunt"
"citus, cita -um, citior -or -us, citissimus -a -um"	"ADJ"	2	0.0	"citius"
"claudo, claudere, clausi, clausus"	"V"	2	0.0	"clausae; clausis"
"clavus, clavi"	"N"	2	0.0	"clavorum"
"cohors, cohortis"	"N"	2	0.0	"cohors; cohortem"
"condemno, condemnare, condemnavi, condemnatus"	"V"	2	0.0	"condemnavit; condemno"
"congrego, congregare, congregavi, congregatus"	"V"	2	0.0	"congregaret; congregat"
"consolor, consolari, consolatus sum"	"V"	2	0.0	"consolabantur; consolarentur"
"contristo, contristare, contristavi, contristatus"	"V"	2	0.0	"contristabimini; contristatus"
"convenio, convenire, conveni, conventus"	"V"	2	0.0	"convenerat; conveniunt"
"corona, coronae"	"N"	2	0.0	"coronam"
"crastinus, crastina, crastinum"	"ADJ"	2	0.0	"crastinum"
"curro, currere, cucurri, cursus"	"V"	2	0.0	"currebant; currit"
"debeo, debere, debui, debitus"	"V"	2	0.0	"debet; debetis"
"demonstro, demonstrare, demonstravi, demonstratus"	"V"	2	0.0	"demonstrabit; demonstrat"
"denarius, denarii"	"N"	2	0.0	"denariis; denariorum"
"deorsum"	"ADV"	2	0.0	"deorsum"
"deprehendo, deprehendere, deprehendi, deprehensus"	"V"	2	0.0	"deprehensa; deprehensam"
"disco, discere, didici, discitus"	"V"	2	0.0	"didicerit; didicit"
"dissensio, dissensionis"	"N"	2	0.0	"dissensio"
"dormio, dormire, dormivi, dormitus"	"V"	2	0.0	"dormit"
"duco, ducere, duxi, ductus"	"V"	2	0.0	"ducentis; ducet"
"educo, educere, eduxi, eductus"	"V"	2	0.0	"educit; eduxit"
"efficio, efficere, effeci, effectus"	"V"	2	0.0	"effectus; efficiamini"
"egredior, egredi, egressus sum"	"V"	2	0.0	"egredietur; egressus"
"erigo, erigere, erexi, erectus"	"V"	2	0.0	"erexit; erigens"
"etiam"	"CONJ"	2	0.0	"etiam"
"excito, excitare, excitavi, excitatus"	"V"	2	0.0	"excitabis; excitabo"
"exsulto, exsultare, exsultavi, exsultatus"	"V"	2	0.0	"exsultare; exsultavit"
"ficus, ficus"	"N"	2	0.0	"ficu"
"fleo, flere, flevi, fletus"	"V"	2	0.0	"flebitis; fleret"
"forum, fori"	"N"	2	0.0	"foris"
"fragmentum, fragmenti"	"N"	2	0.0	"fragmenta; fragmentorum"
"fremo, fremere, fremui, fremitus"	"V"	2	0.0	"fremens; fremuit"
"fugio, fugere, fugi, fugitus"	"V"	2	0.0	"fugient; fugit"
"gladius, gladi(i)"	"N"	2	0.0	"gladium"
"gusto, gustare, gustavi, gustatus"	"V"	2	0.0	"gustabit; gustavit"
"hordeaceus, hordeacea, hordeaceum"	"ADJ"	2	0.0	"hordeaceis; hordeaceos"
"incipio, incipere, incepi, inceptus"	"V"	2	0.0	"incipiebat; incipientes"
"incredulus, incredula, incredulum"	"ADJ"	2	0.0	"incredulus"
"inde"	"ADV"	2	0.0	"inde"
"infirmitas, infirmitatis"	"N"	2	0.0	"infirmitas; infirmitate"
"ingredior, ingredi, ingressus sum"	"V"	2	0.0	"ingredietur; ingressus"
"inter"	"PREP"	2	0.0	"inter"
"intingo, intingere, intinxi, intinctus"	"V"	2	0.0	"intinctam; intinxisset"
"intro, intrare, intravi, intratus"	"V"	2	0.0	"intrat"
"ita"	"ADV"	2	0.0	"ita"
"justitia, justitiae"	"N"	2	0.0	"iustitia"
"laboro, laborare, laboravi, laboratus"	"V"	2	0.0	"laborastis; laboraverunt"
"langueo, languere, -, -"	"V"	2	0.0	"languens; languentium"
"levo, levare, levavi, levatus"	"V"	2	0.0	"levate; levavit"
"liber, liberi"	"N"	2	0.0	"liberi"
"liber, libri"	"N"	2	0.0	"libro; libros"
"libero, liberare, liberavi, liberatus"	"V"	2	0.0	"liberabit; liberaverit"
"libra, librae"	"N"	2	0.0	"libram; libras"
"licet, licere, licuit, licitus est"	"V"	2	0.0	"licet"
"littera, litterae"	"N"	2	0.0	"litteras; litteris"
"loculus, loculi"	"N"	2	0.0	"loculos"
"loquela, loquelae"	"N"	2	0.0	"loquelam"
"luceo, lucere, luxi, -"	"V"	2	0.0	"lucens; lucet"
"lucus, luci"	"N"	2	0.0	"luce; lucis"
"lupus, lupi"	"N"	2	0.0	"lupum; lupus"
"malo, malle, malui, -"	"V"	2	0.0	"malo"
"manna, mannae"	"N"	2	0.0	"manna"
"mansio, mansionis"	"N"	2	0.0	"mansionem; mansiones"
"mercennarius, mercennarii"	"N"	2	0.0	"mercennarius"
"messis, messis"	"N"	2	0.0	"messem; messis"
"navicula, naviculae"	"N"	2	0.0	"navicula; naviculas"
"navigium, navigi(i)"	"N"	2	0.0	"navigii; navigio"
"ne"	"ADV"	2	0.0	"ne"
"nummularius, nummulari(i)"	"N"	2	0.0	"nummulariorum; nummularios"
"nuptia, nuptiae"	"N"	2	0.0	"nuptiae; nuptias"
"obvius, obvia, obvium"	"ADJ"	2	0.0	"obviam"
"occurro, occurrere, occurri, occursus"	"V"	2	0.0	"occurrerat; occurrerunt"
"octo, octavus -a -um, octoni -ae -a, octie(n)s"	"NUM"	2	0.0	"octo"
"offendo, offendere, offendi, offensus"	"V"	2	0.0	"offendit"
"os, oris"	"N"	2	0.0	"ori; os"
"ovile, ovilis"	"N"	2	0.0	"ovile; ovili"
"pario, parere, peperi, partus"	"V"	2	0.0	"parit; pepererit"
"paro, parare, paravi, paratus"	"V"	2	0.0	"parare; paratum"
"pectus, pectoris"	"N"	2	0.0	"pectus"
"perficio, perficere, perfeci, perfectus"	"V"	2	0.0	"perficiam"
"pertineo, pertinere, pertinui, pertentus"	"V"	2	0.0	"pertinebat; pertinet"
"piscina, piscinae"	"N"	2	0.0	"piscina; piscinam"
"porticus, porticus"	"N"	2	0.0	"porticu; porticus"
"posco, poscere, poposci, -"	"V"	2	0.0	"poposceris; poscis"
"praecingo, praecingere, praecinxi, praecinctus"	"V"	2	0.0	"praecinctus; praecinxit"
"prandeo, prandere, prandi, pransus"	"V"	2	0.0	"prandete; prandissent"
"premo, premere, pressi, pressus"	"V"	2	0.0	"pressurae; pressuram"
"prendo, prendere, prendidi, prenditus"	"V"	2	0.0	"prendiderunt; prendidistis"
"prope"	"PREP"	2	0.0	"prope"
"pruna, prunae"	"N"	2	0.0	"prunas"
"purificatio, purificationis"	"N"	2	0.0	"purificatione; purificationem"
"purpureus, purpurea, purpureum"	"ADJ"	2	0.0	"purpurea; purpureum"
"puteus, putei"	"N"	2	0.0	"puteum; puteus"
"quinquaginta, quinquagesimus -a -um, quinquageni -ae -a, quinquagie(n)s"	"NUM"	2	0.0	"quinquaginta"
"quotquot"	"NUM"	2	0.0	"quotquot"
"recubo, recubare, recubui, recubitus"	"V"	2	0.0	"recubuisset; recubuit"
"recumbo, recumbere, recubui, -"	"V"	2	0.0	"recumbens; recumberet"
"regius, regia, regium"	"ADJ"	2	0.0	"regius"
"remaneo, remanere, remansi, remansus"	"V"	2	0.0	"remanerent; remansit"
"retineo, retinere, retinui, retentus"	"V"	2	0.0	"retenta; retinueritis"
"retrorsum"	"ADV"	2	0.0	"retrorsum"
"sacerdos, sacerdotis"	"N"	2	0.0	"sacerdotes; sacerdotum"
"salvifico, salvificare, salvificavi, salvificatus"	"V"	2	0.0	"salvifica; salvificem"
"salvus, salva, salvum"	"ADJ"	2	0.0	"salvi; salvus"
"scandalizo, scandalizare, scandalizavi, scandalizatus"	"V"	2	0.0	"scandalizat; scandalizemini"
"scindo, scindere, scidi, scissus"	"V"	2	0.0	"scindamus; scissum"
"scrutor, scrutari, scrutatus sum"	"V"	2	0.0	"scrutamini; scrutare"
"seduco, seducere, seduxi, seductus"	"V"	2	0.0	"seducit; seducti"
"semino, seminare, seminavi, seminatus"	"V"	2	0.0	"seminat"
"senex, senis (gen.), senior -or -us, -"	"ADJ"	2	0.0	"senex; senioribus"
"sepelio, sepelire, sepelivi, sepultus"	"V"	2	0.0	"sepelire; sepulturae"
"serus, sera -um, serior -or -us, serissimus -a -um"	"ADJ"	2	0.0	"sero"
"signo, signare, signavi, signatus"	"V"	2	0.0	"signavit"
"similis, simile, similior -or -us, simillimus -a -um"	"ADJ"	2	0.0	"similis"
"singulus, singula, singulum"	"ADJ"	2	0.0	"singula; singulae"
"somnus, somni"	"N"	2	0.0	"somni; somno"
"stadium, stadi(i)"	"N"	2	0.0	"stadia; stadiis"
"sub"	"PREP"	2	0.0	"sub"
"sublevo, sublevare, sublevavi, sublevatus"	"V"	2	0.0	"sublevasset; sublevatis"
"sudarium, sudari(i)"	"N"	2	0.0	"sudario; sudarium"
"sufficio, sufficere, suffeci, suffectus"	"V"	2	0.0	"sufficit; sufficiunt"
"sumo, sumere, sumpsi, sumptus"	"V"	2	0.0	"sumam; sumendi"
"superpono, superponere, superposui, superpositus"	"V"	2	0.0	"superpositum; superpositus"
"sursum"	"ADV"	2	0.0	"sursum"
"tento, tentare, tentavi, tentatus"	"V"	2	0.0	"tentans; tentantes"
"testor, testari, testatus sum"	"V"	2	0.0	"testamur; testatur"
"titulus, tituli"	"N"	2	0.0	"titulum"
"triginta, tricesimus -a -um, triceni -ae -a, tricie(n)s"	"NUM"	2	0.0	"triginta"
"tumet, tuimet"	"PRON"	2	0.0	"temet"
"utor, uti, usus sum"	"V"	2	0.0	"utique"
"vendo, vendere, vendidi, venditus"	"V"	2	0.0	"vendebant; vendentes"
"venter, ventris"	"N"	2	0.0	"ventre; ventrem"
"vestis, vestis"	"N"	2	0.0	"veste; vestem"
"virus, viri"	"N"	2	0.0	"viri"
"vis"	"X"	2	0.0	"vis"
"vult"	"X"	2	0.0	"vult"
"Annas, Annae"	"N"	1	0.0	"annam"
"Arimathaea (Arimathia), Arimathaeae"	"N"	1	0.0	"arimathaea"
"Bethlehem"	"N"	1	0.0	"bethlehem"
"Bethsatha, Bethsathae"	"N"	1	0.0	"bethsatha"
"Cedron"	"N"	1	0.0	"cedron"
"Cephas, undeclined"	"N"	1	0.0	"cephas"
"Cleopas, Cleopae"	"N"	1	0.0	"cleopae"
"Enon"	"N"	1	0.0	"enon"
"Ephraim"	"N"	1	0.0	"ephraim"
"Gabbatha"	"N"	1	0.0	"gabbatha"
"Galilaeus, Galilaea, Galilaeum"	"ADJ"	1	0.0	"galilaei"
"Golgotha"	"N"	1	0.0	"golgotha"
"Hosanna"	"INTERJ"	1	0.0	"hosanna"
"Israelita, Israelitae"	"N"	1	0.0	"israelita"
"Latinus, Latina, Latinum"	"ADJ"	1	0.0	"latine"
"Levita, Levitae"	"N"	1	0.0	"levitas"
"Malchus"	"N"	1	0.0	"malchus"
"Salim"	"N"	1	0.0	"salim"
"Salomon, Salomonis"	"N"	1	0.0	"salomonis"
"Satanas, Satanae"	"N"	1	0.0	"satanas"
"Sichar"	"N"	1	0.0	"sichar"
"Sion"	"N"	1	0.0	"sion"
"Zebedaeus, Zebedaei"	"N"	1	0.0	"zebedaei"
"abundans, abundantis (gen.), abundantior -or -us, abundantissimus -a -um"	"ADJ"	1	0.0	"abundantius"
"accedo, accedere, accessi, accessus"	"V"	1	0.0	"accesserunt"
"accusatio, accusationis"	"N"	1	0.0	"accusationem"
"adorator, adoratoris"	"N"	1	0.0	"adoratores"
"aedifico, aedificare, aedificavi, aedificatus"	"V"	1	0.0	"aedificatum"
"aequalis, aequale, aequalior -or -us, aequalissimus -a -um"	"ADJ"	1	0.0	"aequalem"
"aes, aeris"	"N"	1	0.0	"aes"
"agricola, agricolae"	"N"	1	0.0	"agricola"
"alioquin"	"ADV"	1	0.0	"alioquin"
"aliunde"	"ADV"	1	0.0	"aliunde"
"alo, alere, alui, altus"	"V"	1	0.0	"altus"
"aloe, aloes"	"N"	1	0.0	"aloes"
"amplus, ampla -um, amplior -or -us, amplissimus -a -um"	"ADJ"	1	0.0	"amplius"
"ancilla, ancillae"	"N"	1	0.0	"ancilla"
"anno, annare, annavi, annatus"	"V"	1	0.0	"annas"
"antea"	"ADV"	1	0.0	"antea"
"antequam"	"CONJ"	1	0.0	"antequam"
"apostolus, apostoli"	"N"	1	0.0	"apostolus"
"areo, arere, arui, -"	"V"	1	0.0	"aruit"
"aridus, arida -um, aridior -or -us, aridissimus -a -um"	"ADJ"	1	0.0	"aridorum"
"armum, armi"	"N"	1	0.0	"armis"
"aroma, aromatis"	"N"	1	0.0	"aromatibus"
"asellus, aselli"	"N"	1	0.0	"asellum"
"asinus, asina, asinum"	"ADJ"	1	0.0	"asinae"
"aspicio, aspicere, aspexi, aspectus"	"V"	1	0.0	"aspiciebant"
"assisto, assistere, asstiti, asstatus"	"V"	1	0.0	"assistens"
"atrium, atri(i)"	"N"	1	0.0	"atrium"
"audeo, audere, ausus sum"	"V"	1	0.0	"audebat"
"auditus, auditus"	"N"	1	0.0	"auditui"
"aufero, auferre, abstuli, ablatus"	"V"	1	0.0	"auferte"
"avus, avi"	"N"	1	0.0	"ave"
"bajulo, bajulare, -, -"	"V"	1	0.0	"baiulans"
"benedico, benedicere, benedixi, benedictus"	"V"	1	0.0	"benedictus"
"blasphemia, blasphemiae"	"N"	1	0.0	"blasphemia"
"blasphemus, blasphema, blasphemum"	"ADJ"	1	0.0	"blasphemas"
"brachium, brachi(i)"	"N"	1	0.0	"brachium"
"caedo, caedere, cecidi, caesus"	"V"	1	0.0	"caedis"
"caelestis, caeleste, caelestior -or -us, caelestissimus -a -um"	"ADJ"	1	0.0	"caelestia"
"calcaneus, calcanei"	"N"	1	0.0	"calcaneum"
"calceamentum, calceamenti"	"N"	1	0.0	"calceamenti"
"calix, calicis"	"N"	1	0.0	"calicem"
"calvaria, calvariae"	"N"	1	0.0	"calvariae"
"carcer, carceris"	"N"	1	0.0	"carcerem"
"circumcido, circumcidere, circumcidi, circumcisus"	"V"	1	0.0	"circumciditis"
"circumpono, circumponere, circumposui, circumpositus"	"V"	1	0.0	"circumponentes"
"circumsto, circumstare, circumsteti, circumstatus"	"V"	1	0.0	"circumstat"
"claudus, clauda, claudum"	"ADJ"	1	0.0	"claudorum"
"coepio, coepere, coepi, coeptus"	"V"	1	0.0	"coepit"
"cognatus, cognata, cognatum"	"ADJ"	1	0.0	"cognatus"
"cognomino, cognominare, cognominavi, cognominatus"	"V"	1	0.0	"cognominatur"
"colloquor, colloqui, collocutus sum"	"V"	1	0.0	"colloquebantur"
"comedo, comedere, comedi, comesus"	"V"	1	0.0	"comedit"
"comminuo, comminuere, comminui, comminutus"	"V"	1	0.0	"comminuetur"
"concilium, concili(i)"	"N"	1	0.0	"concilium"
"condiscipulus, condiscipuli"	"N"	1	0.0	"condiscipulos"
"confido, confidere, confisus sum"	"V"	1	0.0	"confidite"
"consilium, consili(i)"	"N"	1	0.0	"consilium"
"conspectus, conspectus"	"N"	1	0.0	"conspectu"
"conspiro, conspirare, conspiravi, conspiratus"	"V"	1	0.0	"conspiraverant"
"constituo, constituere, constitui, constitutus"	"V"	1	0.0	"constituta"
"constitutio, constitutionis"	"N"	1	0.0	"constitutionem"
"consuetudo, consuetudinis"	"N"	1	0.0	"consuetudo"
"contamino, contaminare, contaminavi, contaminatus"	"V"	1	0.0	"contaminarentur"
"contexo, contexere, contexui, contextus"	"V"	1	0.0	"contexta"
"contingo, contingere, contigi, contactus"	"V"	1	0.0	"contingat"
"contra"	"ADV"	1	0.0	"contra"
"contradico, contradicere, contradixi, contradictus"	"V"	1	0.0	"contradicit"
"cophinus, cophini"	"N"	1	0.0	"cophinos"
"coram"	"ADV"	1	0.0	"coram"
"corrigia, corrigiae"	"N"	1	0.0	"corrigiam"
"coutor, couti, cousus sum"	"V"	1	0.0	"coutuntur"
"cresco, crescere, crevi, cretus"	"V"	1	0.0	"crescere"
"cubo, cubare, cubui, cubitus"	"V"	1	0.0	"cubitis"
"cultor, cultoris"	"N"	1	0.0	"cultor"
"decem, decimus -a -um, deni -ae -a, decie(n)s"	"NUM"	1	0.0	"decima"
"decerto, decertare, decertavi, decertatus"	"V"	1	0.0	"decertarent"
"declino, declinare, declinavi, declinatus"	"V"	1	0.0	"declinavit"
"deduco, deducere, deduxi, deductus"	"V"	1	0.0	"deducet"
"deficio, deficere, defeci, defectus"	"V"	1	0.0	"deficiente"
"demoror, demorari, demoratus sum"	"V"	1	0.0	"demorabatur"
"denuo"	"ADV"	1	0.0	"denuo"
"desiderium, desideri(i)"	"N"	1	0.0	"desideria"
"dexter, dextra -um, dexterior -or -us, dextimus -a -um"	"ADJ"	1	0.0	"dextram"
"dextera, dexterae"	"N"	1	0.0	"dexteram"
"dignus, digna -um, dignior -or -us, dignissimus -a -um"	"ADJ"	1	0.0	"dignus"
"diluculum, diluculi"	"N"	1	0.0	"diluculo"
"dirigo, dirigere, direxi, directus"	"V"	1	0.0	"dirigite"
"dispersio, dispersionis"	"N"	1	0.0	"dispersionem"
"distribuo, distribuere, distribui, distributus"	"V"	1	0.0	"distribuit"
"docibilis, docibilis, docibile"	"ADJ"	1	0.0	"docibiles"
"dolus, doli"	"N"	1	0.0	"dolus"
"donum, doni"	"N"	1	0.0	"donum"
"dormitio, dormitionis"	"N"	1	0.0	"dormitione"
"ducenti -ae -a, ducentesimus -a -um, duceni -ae -a, ducentie(n)s"	"NUM"	1	0.0	"ducentorum"
"durus, dura -um, durior -or -us, durissimus -a -um"	"ADJ"	1	0.0	"durus"
"effundo, effundere, effudi, effusus"	"V"	1	0.0	"effudit"
"elevo, elevare, elevavi, elevatus"	"V"	1	0.0	"elevatis"
"emitto, emittere, emisi, emissus"	"V"	1	0.0	"emiserit"
"enarro, enarrare, enarravi, enarratus"	"V"	1	0.0	"enarravit"
"encaenium, encaenii"	"N"	1	0.0	"encaenia"
"esurio, esurire, esurivi, esuritus"	"V"	1	0.0	"esuriet"
"etenim"	"CONJ"	1	0.0	"etenim"
"etsi"	"CONJ"	1	0.0	"etsi"
"exaudio, exaudire, exaudivi, exauditus"	"V"	1	0.0	"exaudit"
"excaeco, excaecare, excaecavi, excaecatus"	"V"	1	0.0	"excaecavit"
"excipio, excipere, excepi, exceptus"	"V"	1	0.0	"exceperunt"
"excusatio, excusationis"	"N"	1	0.0	"excusationem"
"exemplum, exempli"	"N"	1	0.0	"exemplum"
"exinde"	"ADV"	1	0.0	"exinde"
"existimo, existimare, existimavi, existimatus"	"V"	1	0.0	"existimans"
"exspuo, exspuere, exspui, exsputus"	"V"	1	0.0	"exspuit"
"exsurgo, exsurgere, exsurrexi, exsurrectus"	"V"	1	0.0	"exsurgebat"
"exsuscito, exsuscitare, exsuscitavi, exsuscitatus"	"V"	1	0.0	"exsuscitem"
"extendo, extendere, extendi, extensus"	"V"	1	0.0	"extendes"
"extra"	"PREP"	1	0.0	"extra"
"facies, faciei"	"N"	1	0.0	"faciem"
"fatigo, fatigare, fatigavi, fatigatus"	"V"	1	0.0	"fatigatus"
"fax, facis"	"N"	1	0.0	"facibus"
"febris, febris"	"N"	1	0.0	"febris"
"fenum, feni"	"N"	1	0.0	"fenum"
"festivitas, festivitatis"	"N"	1	0.0	"festivitatis"
"fidelis, fidele, fidelior -or -us, fidelissimus -a -um"	"ADJ"	1	0.0	"fidelis"
"filia, filiae"	"N"	1	0.0	"filia"
"filiolus, filioli"	"N"	1	0.0	"filioli"
"finis, finis"	"N"	1	0.0	"finem"
"flagello, flagellare, flagellavi, flagellatus"	"V"	1	0.0	"flagellavit"
"flagellum, flagelli"	"N"	1	0.0	"flagellum"
"flo, flare, flavi, flatus"	"V"	1	0.0	"flante"
"flumen, fluminis"	"N"	1	0.0	"flumina"
"fluo, fluere, fluxi, fluxus"	"V"	1	0.0	"fluent"
"foeteo, foetere, -, -"	"V"	1	0.0	"foetet"
"formido, formidare, formidavi, formidatus"	"V"	1	0.0	"formidet"
"fornicatio, fornicationis"	"N"	1	0.0	"fornicatione"
"frequento, frequentare, frequentavi, frequentatus"	"V"	1	0.0	"frequenter"
"frigus, frigoris"	"N"	1	0.0	"frigus"
"frumentum, frumenti"	"N"	1	0.0	"frumenti"
"funiculus, funiculi"	"N"	1	0.0	"funiculis"
"furor, furari, furatus sum"	"V"	1	0.0	"furetur"
"gazophylacium, gazophylacii"	"N"	1	0.0	"gazophylacio"
"granum, grani"	"N"	1	0.0	"granum"
"gratus, grata -um, gratior -or -us, gratissimus -a -um"	"ADJ"	1	0.0	"gratis"
"grex, gregis"	"N"	1	0.0	"grex"
"habito, habitare, habitavi, habitatus"	"V"	1	0.0	"habitavit"
"haesito, haesitare, haesitavi, haesitatus"	"V"	1	0.0	"haesitantes"
"heri"	"ADV"	1	0.0	"heri"
"hiems, hiemis"	"N"	1	0.0	"hiems"
"homicida, homicidae"	"N"	1	0.0	"homicida"
"honor, honoris"	"N"	1	0.0	"honorem"
"honorificus, honorifica -um, honorificentior -or -us, honorificentissimus -a -"	"ADJ"	1	0.0	"honorifico"
"hortulanus, hortulani"	"N"	1	0.0	"hortulanus"
"hyssopus, hyssopi"	"N"	1	0.0	"hyssopo"
"ignis, ignis"	"N"	1	0.0	"ignem"
"ignoro, ignorare, ignoravi, ignoratus"	"V"	1	0.0	"ignoras"
"illumino, illuminare, illuminavi, illuminatus"	"V"	1	0.0	"illuminat"
"impono, imponere, imposui, impositus"	"V"	1	0.0	"imposuerunt"
"inconsutilis, inconsutilis, inconsutile"	"ADJ"	1	0.0	"inconsutilis"
"indico, indicare, indicavi, indicatus"	"V"	1	0.0	"indicet"
"indigeo, indigere, indigui, -"	"V"	1	0.0	"indiget"
"indignor, indignari, indignatus sum"	"V"	1	0.0	"indignamini"
"induro, indurare, induravi, induratus"	"V"	1	0.0	"induravit"
"inebrio, inebriare, inebriavi, inebriatus"	"V"	1	0.0	"inebriati"
"infero, inferre, intuli, illatus"	"V"	1	0.0	"infer"
"inhonoratus, inhonorata, inhonoratum"	"ADJ"	1	0.0	"inhonoratis"
"injustitia, injustitiae"	"N"	1	0.0	"iniustitia"
"innuo, innuere, innui, innutus"	"V"	1	0.0	"innuit"
"insanio, insanire, insanivi, insanitus"	"V"	1	0.0	"insanit"
"instita, institae"	"N"	1	0.0	"institis"
"insufflo, insufflare, insufflavi, insufflatus"	"V"	1	0.0	"insufflavit"
"intellego, intellegere, intellexi, intellectus"	"V"	1	0.0	"intellegant"
"interea"	"ADV"	1	0.0	"interea"
"introduco, introducere, introduxi, introductus"	"V"	1	0.0	"introduxit"
"intueor, intueri, intuitus sum"	"V"	1	0.0	"intuitus"
"intus"	"ADV"	1	0.0	"intus"
"involvo, involvere, involvi, involutus"	"V"	1	0.0	"involutum"
"ira, irae"	"N"	1	0.0	"ira"
"iter, itineris"	"N"	1	0.0	"itinere"
"itero, iterare, iteravi, iteratus"	"V"	1	0.0	"iterato"
"janua, januae"	"N"	1	0.0	"ianuis"
"junior, junior, junius"	"ADJ"	1	0.0	"iunior"
"labor, laboris"	"N"	1	0.0	"laborem"
"lacrimo, lacrimare, lacrimavi, lacrimatus"	"V"	1	0.0	"lacrimatus"
"lancea, lanceae"	"N"	1	0.0	"lancea"
"languidus, languida -um, languidior -or -us, languidissimus -a -um"	"ADJ"	1	0.0	"languidus"
"lanterna, lanternae"	"N"	1	0.0	"lanternis"
"lapideus, lapidea, lapideum"	"ADJ"	1	0.0	"lapideae"
"linio, linire, linivi, linitus"	"V"	1	0.0	"linivit"
"lithostrotus, lithostrota, lithostrotum"	"ADJ"	1	0.0	"lithostrotos"
"litigo, litigare, litigavi, litigatus"	"V"	1	0.0	"litigabant"
"litus, litoris"	"N"	1	0.0	"litore"
"longus, longa -um, longior -or -us, longissimus -a -um"	"ADJ"	1	0.0	"longe"
"lucerna, lucernae"	"N"	1	0.0	"lucerna"
"macto, mactare, mactavi, mactatus"	"V"	1	0.0	"mactet"
"maledico, maledicere, maledixi, maledictus"	"V"	1	0.0	"maledixerunt"
"maledictum, maledicti"	"N"	1	0.0	"maledicti"
"malefactor, malefactoris"	"N"	1	0.0	"malefactor"
"medio, mediare, mediavi, mediatus"	"V"	1	0.0	"mediante"
"mementote"	"X"	1	0.0	"mementote"
"memini, meminisse, -"	"V"	1	0.0	"meminit"
"mendico, mendicare, mendicavi, mendicatus"	"V"	1	0.0	"mendicabat"
"mendicus, mendica, mendicum"	"ADJ"	1	0.0	"mendicus"
"mensa, mensae"	"N"	1	0.0	"mensas"
"mensis, mensis"	"N"	1	0.0	"menses"
"merces, mercedis"	"N"	1	0.0	"mercedem"
"metior, metiri, mensus sum"	"V"	1	0.0	"mensuram"
"metreta, metretae"	"N"	1	0.0	"metretas"
"milium, milii"	"N"	1	0.0	"milia"
"minuo, minuere, minui, minutus"	"V"	1	0.0	"minui"
"minus"	"ADV"	1	0.0	"minus"
"mirabilis, mirabilis, mirabile"	"ADJ"	1	0.0	"mirabile"
"misceo, miscere, miscui, mixtus"	"V"	1	0.0	"mixturam"
"miser, misera -um, miserior -or -us, miserrimus -a -um"	"ADJ"	1	0.0	"misero"
"moror, morari, moratus sum"	"V"	1	0.0	"morabatur"
"mos, moris"	"N"	1	0.0	"mos"
"murmur, murmuris"	"N"	1	0.0	"murmur"
"myrrha, myrrhae"	"N"	1	0.0	"myrrhae"
"nam"	"CONJ"	1	0.0	"nam"
"nardus, nardi"	"N"	1	0.0	"nardi"
"natatoria, natatoriae"	"N"	1	0.0	"natatoria"
"nativitas, nativitatis"	"N"	1	0.0	"nativitate"
"necdum"	"CONJ"	1	0.0	"necdum"
"negotiatio, negotiationis"	"N"	1	0.0	"negotiationis"
"nominatim"	"ADV"	1	0.0	"nominatim"
"nudus, nuda, nudum"	"ADJ"	1	0.0	"nudus"
"numerus, numeri"	"N"	1	0.0	"numero"
"numquam"	"ADV"	1	0.0	"numquam"
"nuntio, nuntiare, nuntiavi, nuntiatus"	"V"	1	0.0	"nuntiavit"
"obsequium, obsequi(i)"	"N"	1	0.0	"obsequium"
"occultus, occulta -um, occultior -or -us, occultissimus -a -um"	"ADJ"	1	0.0	"occultus"
"occurro, occurrere, occucurri, occursus"	"V"	1	0.0	"occurrit"
"odor, odoris"	"N"	1	0.0	"odore"
"offero, offerre, obtuli, oblatus"	"V"	1	0.0	"obtulerunt"
"olivetum, oliveti"	"N"	1	0.0	"oliveti"
"orphanus, orphani"	"N"	1	0.0	"orphanos"
"ostiarium, ostiarii"	"N"	1	0.0	"ostiaria"
"ostiarius, ostiaria, ostiarium"	"ADJ"	1	0.0	"ostiariae"
"ostiarius, ostiarii"	"N"	1	0.0	"ostiarius"
"palma, palmae"	"N"	1	0.0	"palmarum"
"partior, partiri, partitus sum"	"V"	1	0.0	"partiti"
"pascuum, pascui"	"N"	1	0.0	"pascua"
"patria, patriae"	"N"	1	0.0	"patria"
"pauper, pauperis (gen.), pauperior -or -us, pauperrimus -a -um"	"ADJ"	1	0.0	"pauperes"
"peccator, peccatoris"	"N"	1	0.0	"peccatores"
"pecus, pecoris"	"N"	1	0.0	"pecora"
"pelvis, pelvis"	"N"	1	0.0	"pelvem"
"percutio, percutere, percussi, percussus"	"V"	1	0.0	"percussit"
"perditio, perditionis"	"N"	1	0.0	"perditionis"
"pergo, pergere, perrexi, perrectus"	"V"	1	0.0	"perrexit"
"permaneo, permanere, permansi, permansus"	"V"	1	0.0	"permanet"
"permitto, permittere, permisi, permissus"	"V"	1	0.0	"permisit"
"persevero, perseverare, perseveravi, perseveratus"	"V"	1	0.0	"perseverarent"
"piscor, piscari, piscatus sum"	"V"	1	0.0	"piscari"
"placeo, placere, placui, placitus"	"V"	1	0.0	"placita"
"plecto, plectere, plexi, plectus"	"V"	1	0.0	"plectentes"
"plenitudo, plenitudinis"	"N"	1	0.0	"plenitudine"
"plus, pluris"	"N"	1	0.0	"plura"
"porrigo, porrigere, porrexi, porrectus"	"V"	1	0.0	"porrexero"
"postquam"	"CONJ"	1	0.0	"postquam"
"poto, potare, potavi, potus"	"V"	1	0.0	"potus"
"praecurro, praecurrere, praecucurri, praecursus"	"V"	1	0.0	"praecucurrit"
"praedium, praedi(i)"	"N"	1	0.0	"praedium"
"praeparo, praeparare, praeparavi, praeparatus"	"V"	1	0.0	"praeparavero"
"praesto, praestare, praestiti, praestitus"	"V"	1	0.0	"praestare"
"praetereo, praeterire, praeterivi(ii), praeteritus"	"V"	1	0.0	"praeteriens"
"prehendo, prehendere, prehendi, prehensus"	"V"	1	0.0	"prehendere"
"pretiosus, pretiosa -um, pretiosior -or -us, pretiosissimus -a -um"	"ADJ"	1	0.0	"pretiosi"
"probaticus, probatica, probaticum"	"ADJ"	1	0.0	"probatica"
"prodeo, prodire, prodivi(ii), proditus"	"V"	1	0.0	"prodiit"
"prodigium, prodigi(i)"	"N"	1	0.0	"prodigia"
"proficio, proficere, profeci, profectus"	"V"	1	0.0	"proficitis"
"propheto, prophetare, prophetavi, prophetatus"	"V"	1	0.0	"prophetavit"
"prosum, prodesse, profui, profuturus"	"V"	1	0.0	"prodest"
"protestor, protestari, protestatus sum"	"V"	1	0.0	"protestatus"
"pullus, pulli"	"N"	1	0.0	"pullum"
"pulmentarium, pulmentarii"	"N"	1	0.0	"pulmentarium"
"purgo, purgare, purgavi, purgatus"	"V"	1	0.0	"purgat"
"purus, pura -um, purior -or -us, purissimus -a -um"	"ADJ"	1	0.0	"puri"
"quadraginta, quadragesimus -a -um, quadrageni -ae -a, quadragie(n)s"	"NUM"	1	0.0	"quadraginta"
"quaestio, quaestionis"	"N"	1	0.0	"quaestio"
"quamdiu"	"ADV"	1	0.0	"quamdiu"
"quantus, quanta, quantum"	"ADJ"	1	0.0	"quantum"
"quatriduanus, quatriduana, quatriduanum"	"ADJ"	1	0.0	"quatriduanus"
"quemadmodum"	"ADV"	1	0.0	"quemadmodum"
"quindecim, quindecimus -a -um, quindeci -ae -a, quindecie(n)s"	"NUM"	1	0.0	"quindecim"
"quippe"	"ADV"	1	0.0	"quippe"
"quousque"	"ADV"	1	0.0	"quousque"
"rabbuni"	"N"	1	0.0	"rabbuni"
"ramus, rami"	"N"	1	0.0	"ramos"
"recipio, recipere, recepi, receptus"	"V"	1	0.0	"receperunt"
"remigo, remigare, remigavi, remigatus"	"V"	1	0.0	"remigassent"
"reminiscor, reminisci, -"	"V"	1	0.0	"reminiscamini"
"remissus, remissa -um, remissior -or -us, remississimus -a -um"	"ADJ"	1	0.0	"remissa"
"remitto, remittere, remisi, remissus"	"V"	1	0.0	"remiseritis"
"respicio, respicere, respexi, respectus"	"V"	1	0.0	"respiciens"
"retro"	"ADV"	1	0.0	"retro"
"revelo, revelare, revelavi, revelatus"	"V"	1	0.0	"revelatum"
"revertor, reverti, reversus sum"	"V"	1	0.0	"reversi"
"romanus, romana, romanum"	"ADJ"	1	0.0	"romani"
"saeculum, saeculi"	"N"	1	0.0	"saeculo"
"salio, salire, salivi, saltus"	"V"	1	0.0	"salientis"
"salus, salutis"	"N"	1	0.0	"salus"
"saturo, saturare, saturavi, saturatus"	"V"	1	0.0	"saturati"
"scenopegia, scenopegiae"	"N"	1	0.0	"scenopegia"
"schisma, schismatis"	"N"	1	0.0	"schisma"
"scriba, scribae"	"N"	1	0.0	"scribae"
"secedo, secedere, secessi, secessus"	"V"	1	0.0	"secessit"
"senesco, senescere, senui, -"	"V"	1	0.0	"senueris"
"separatim"	"ADV"	1	0.0	"separatim"
"septem, septimus -a -um, septeni -ae -a, septie(n)s"	"NUM"	1	0.0	"septima"
"serpens, serpentis"	"N"	1	0.0	"serpentem"
"servio, servire, servivi, servitus"	"V"	1	0.0	"servivimus"
"silentium, silenti(i)"	"N"	1	0.0	"silentio"
"sinus, sinus"	"N"	1	0.0	"sinu"
"socer, soceri"	"N"	1	0.0	"socer"
"sors, sortis"	"N"	1	0.0	"sortem"
"sortior, sortiri, sortitus sum"	"V"	1	0.0	"sortiamur"
"species, speciei"	"N"	1	0.0	"speciem"
"spelunca, speluncae"	"N"	1	0.0	"spelunca"
"sperno, spernere, sprevi, spretus"	"V"	1	0.0	"spernit"
"spero, sperare, speravi, speratus"	"V"	1	0.0	"speratis"
"spina, spinae"	"N"	1	0.0	"spinis"
"spineus, spinea, spineum"	"ADJ"	1	0.0	"spineam"
"spiro, spirare, spiravi, spiratus"	"V"	1	0.0	"spirat"
"spongia, spongiae"	"N"	1	0.0	"spongiam"
"spuo, spuere, spui, sputus"	"V"	1	0.0	"sputo"
"statuo, statuere, statui, statutus"	"V"	1	0.0	"statuerunt"
"subeo, subire, subivi(ii), subitus"	"V"	1	0.0	"subiit"
"subverto, subvertere, subverti, subversus"	"V"	1	0.0	"subvertit"
"succingo, succingere, succinxi, succinctus"	"V"	1	0.0	"succinxit"
"suggero, suggerere, suggessi, suggestus"	"V"	1	0.0	"suggeret"
"summa, summae"	"N"	1	0.0	"summum"
"supernus, superna, supernum"	"ADJ"	1	0.0	"supernis"
"supero, superare, superavi, superatus"	"V"	1	0.0	"superaverunt"
"supersum, superesse, superfui, superfuturus"	"V"	1	0.0	"superfuerunt"
"supervenio, supervenire, superveni, superventus"	"V"	1	0.0	"supervenerunt"
"suscipio, suscipere, suscepi, susceptus"	"V"	1	0.0	"susceperunt"
"talis, talis, tale"	"ADJ"	1	0.0	"tales"
"teneo, tenere, tenui, tentus"	"V"	1	0.0	"tenere"
"terrenus, terrena, terrenum"	"ADJ"	1	0.0	"terrena"
"tonitrus, tonitrus"	"N"	1	0.0	"tonitruum"
"torreo, torrere, torrui, tostus"	"V"	1	0.0	"torrentem"
"transfigo, transfigere, transfixi, transfixus"	"V"	1	0.0	"transfixerunt"
"trecenti -ae -a, trecentesimus -a -um, treceni -ae -a, trecentie(n)s"	"NUM"	1	0.0	"trecentis"
"tribunal, tribunalis"	"N"	1	0.0	"tribunali"
"tribunus, tribuni"	"N"	1	0.0	"tribunus"
"ullus, ulla, ullum (gen -ius)"	"ADJ"	1	0.0	"ullam"
"unguentum, unguenti"	"N"	1	0.0	"unguento"
"unicuique"	"X"	1	0.0	"unicuique"
"uter, utra, utrum"	"ADJ"	1	0.0	"utrum"
"vagina, vaginae"	"N"	1	0.0	"vaginam"
"valeo, valere, valui, valitus"	"V"	1	0.0	"valebant"
"vas, vasis"	"N"	1	0.0	"vas"
"vel"	"CONJ"	1	0.0	"vel"
"veneo, venire, venivi(ii), venitus"	"V"	1	0.0	"veniit"
"verto, vertere, verti, versus"	"V"	1	0.0	"vertetur"
"verumtamen"	"CONJ"	1	0.0	"verumtamen"
"vicinus, vicina, vicinum"	"ADJ"	1	0.0	"vicini"
"vicis, vicis"	"N"	1	0.0	"vici"
"viginti, vicesimus -a -um, viceni -ae -a, vicie(n)s"	"NUM"	1	0.0	"viginti"
"vitis, vitis"	"N"	1	0.0	"vite"
"vosmet, vostrimet"	"PRON"	1	0.0	"vobismet"
"zelus, zeli"	"N"	1	0.0	"zelus"